ref,x1,y1,x2,y2,choice,choice_norm,connectivity,control,controllability,entropy,harmonic_mean_depth,integration_hh,integration_p_value,integration_tekl,intensity,line_length,mean_depth,node_count,ra,ra_penn,rra,relativised_entropy,total_depth,crossfire,crossfire_per_m,length_m
0,509.2,453.6,686.8,462.4,2586,0.16602466,3,1.1666666,0.5,3.8292208,7.3629274,0.5741474,0.11130943,0.61095381,0.44783264,177.81789,9.6045198,178,0.097778633,0.43508902,1.7417129,3.4442284,1700,164.0,48.41427307744139,3.3874308045
1,401.07,616.27,434.0,626.0,1044,0.06702619,3,1.0833334,0.42857143,4.4578319,4.8950992,0.42509797,0.082413353,0.58688354,0.38594067,34.33741,12.621469,178,0.13206215,0.49829268,2.3523989,4.3778772,2234,8.0,12.230028606166853,0.6541276605
2,718.0,662.0,774.67,662.67,1379,0.08853364,2,1.0,0.5,4.4144163,5.3227468,0.37625927,0.072945036,0.57764298,0.3382549,56.673962,14.129944,178,0.1492039,0.41134751,2.6577418,4.399406,2501,9.0,8.336119943085853,1.0796389761
3,410.67,518.67,413.6,497.2,4143,0.26598614,4,1.2833333,0.40000001,4.3046041,5.4108248,0.51956421,0.10072743,0.60273772,0.45554075,21.669006,10.508474,178,0.10805085,0.53776437,1.92469,4.0398674,1860,10.0,24.225125195041237,0.4127945643
4,801.2,573.6,886.8,566.4,1249,0.08018747,2,0.83333331,0.40000001,4.409656,4.2373056,0.36541018,0.07084173,0.57547075,0.3281433,85.902267,14.519774,178,0.15363379,0.41634145,2.7366507,4.4806266,2570,5.0,3.055416355904203,1.63643818635
5,309.2,189.6,418.0,194.0,1526,0.097971238,2,0.83333331,0.40000001,4.3644485,5.6602387,0.45236757,0.087700084,0.59170586,0.4021076,108.88893,11.920904,178,0.12410118,0.46910191,2.2105918,4.2056303,2110,19.0,9.159565881343397,2.0743341165
6,426.0,238.0,447.73,246.13,1964,0.12609142,3,1.1666666,0.5,4.181221,5.9235449,0.51497442,0.099837616,0.60201865,0.43857238,23.201073,10.593221,178,0.10901387,0.4900901,1.9418441,3.830369,1875,1.0,2.2625435608176385,0.44198044065000003
7,418.0,194.0,426.0,238.0,1713,0.10997689,2,0.83333331,0.40000001,4.278861,5.6830935,0.47940052,0.092940934,0.59627962,0.41779336,44.721359,11.305085,178,0.11710323,0.4767642,2.0859385,3.9686701,2001,7.0,8.216522853016828,0.85194188895
8,886.0,262.0,892.0,562.29,3421,0.21963277,3,1.1666666,0.5,4.3919048,4.9287624,0.38967314,0.075545572,0.5802654,0.3485328,300.34995,13.677966,178,0.14406779,0.43161094,2.5662534,4.3226786,2421,24.0,4.194582085613929,5.7216665475
9,713.2,797.2,742.8,794.4,2923,0.1876605,4,1.25,0.44444445,4.524435,5.7959452,0.35984629,0.069763072,0.57433808,0.33155596,29.732138,14.728813,178,0.15600924,0.40731707,2.7789643,4.9727807,2607,2.0,3.5310907221142305,0.5663972289
10,462.4,369.2,470.8,452.2,6987,0.44857472,5,1.45,0.45454547,3.9381933,6.8898368,0.61320233,0.11888097,0.61648983,0.4919287,83.423981,9.0564976,178,0.091551103,0.52703148,1.6307831,3.4720967,1603,35.0,22.02328777869458,1.58922683805
11,837.71,746.29,838.0,630.0,1642,0.10541859,2,0.83333331,0.40000001,4.5348654,4.5002847,0.32362196,0.062740289,0.56662613,0.2988545,116.29036,16.265537,178,0.173472,0.38604861,3.0900252,5.0982962,2879,1.0,0.4513997404446075,2.2153313580000003
12,785.2,794.4,830.0,794.0,307,0.019709811,3,0.91666669,0.375,4.5437579,5.1587977,0.3143158,0.060936112,0.56454152,0.29082665,44.801785,16.717514,178,0.17860812,0.34556574,3.1815138,5.3737988,2959,0.0,0.0,0.8534740042500001
13,306.4,286.8,308.0,249.14,1339,0.085965589,4,1.2,0.40000001,4.4258146,7.361455,0.48498422,0.094023444,0.59720063,0.43717816,37.693974,11.18644,178,0.11575501,0.5048064,2.0619228,4.4312053,1980,5.0,6.9631074611833155,0.7180702046999999
14,697.71,452.29,712.0,424.0,2104,0.13507961,2,1.0,0.5,3.8687186,6.3824682,0.49514526,0.095993355,0.59885687,0.39015973,31.694292,10.977401,178,0.11337956,0.38165265,2.0196095,3.671663,1943,2.0,3.312485309355386,0.6037762626000001
15,700.0,348.0,712.0,424.0,1892,0.12146892,2,0.83333331,0.40000001,3.9206688,5.7937102,0.4668588,0.090509489,0.5941819,0.37279862,76.941536,11.581921,178,0.1202491,0.3787728,2.1419752,3.7834613,2050,4.0,2.7290039190384747,1.4657362608
16,700.0,348.0,706.4,289.2,1722,0.1105547,3,1.3333334,0.60000002,3.8661144,6.5519671,0.4479644,0.086846448,0.59094197,0.35272595,59.147274,12.028249,178,0.125321,0.31652662,2.2323203,3.9664967,2129,1.0,0.8875039333209164,1.1267555697
17,400.0,548.0,410.67,518.67,4463,0.28653055,5,1.5833334,0.45454547,4.363636,5.2510486,0.50662023,0.098218001,0.60069764,0.45027667,31.210541,10.751412,178,0.1108115,0.54519105,1.9738652,4.2754107,1903,3.0,5.045741275700088,0.5945608060500001
18,506.4,577.2,516.0,676.0,7786,0.49987161,3,1.1666666,0.5,3.9058626,6.8907123,0.54345959,0.10536002,0.60640848,0.43236536,99.265305,10.090396,178,0.10329995,0.43662465,1.8400631,3.6231301,1786,111.0,58.69897496958587,1.89100406025
19,308.0,292.0,309.23,304.0,4336,0.278377,3,0.86666667,0.33333334,4.2605071,7.5802264,0.54857373,0.10635149,0.60717869,0.47606421,12.062873,10.00565,178,0.10233693,0.5213213,1.822909,3.9665096,1771,5.0,21.75826534864869,0.22979773065
20,516.0,676.0,553.33,713.33,7686,0.49345148,3,0.86666667,0.33333334,4.0141397,6.9400129,0.52676296,0.10212305,0.60385633,0.4306913,52.792591,10.378531,178,0.10657421,0.44941956,1.8983871,3.7741106,1837,62.0,61.6486729331587,1.0056988585500002
21,242.55,270.91,243.71,233.14,2239,0.14374679,5,1.3666667,0.41666666,4.4703145,6.9486876,0.47164321,0.091437034,0.59498698,0.42942041,37.787807,11.474576,178,0.11902928,0.51146245,2.1202466,4.7118754,2031,14.0,19.448287551668177,0.7198577233500001
22,338.0,778.0,350.0,802.0,1857,0.11922188,2,0.75,0.33333334,4.2253265,5.9463916,0.41659197,0.080764301,0.58533275,0.35848811,26.832815,12.858757,178,0.13475861,0.39787722,2.4004304,4.0603032,2276,3.0,5.868944982501087,0.5111651257500001
23,684.0,288.0,706.4,289.2,0,0.0,2,0.66666669,0.5,3.8671939,4.8591075,0.42161357,0.081737831,0.58625108,0.33206007,22.432119,12.717514,178,0.13315357,0.31210613,2.3718402,4.0717893,2251,0.0,0.0,0.42733186695
24,337.2,665.6,356.0,660.0,0,0.0,1,0.33333334,0.33333334,4.4959927,4.208807,0.39855358,0.077267215,0.58196497,0.3649278,19.61632,13.39548,178,0.14085773,0.48388615,2.509073,4.2937112,2371,2.0,5.352016924704528,0.37369089600000005
25,780.0,660.0,785.6,589.2,1138,0.073061116,2,1.0,0.5,4.3519735,5.2436213,0.35807803,0.069420256,0.57397538,0.31734997,71.021126,14.79661,178,0.15677966,0.35652173,2.7926874,4.5284209,2619,7.0,5.173869930497439,1.3529524502999999
26,376.0,252.0,380.0,298.77,0,0.0,1,0.33333334,0.33333334,4.4748602,5.3528705,0.40880156,0.079253979,0.58389175,0.37255618,46.940739,13.084745,178,0.13732666,0.45820668,2.4461746,4.4597182,2316,18.0,20.12925041004956,0.89422107795
27,308.0,249.14,376.0,252.0,352,0.02259887,3,1.5833334,0.5,4.4593835,6.7056003,0.44545415,0.086359791,0.59050399,0.40457198,68.06012,12.090396,178,0.12602723,0.48274046,2.2449,4.4868474,2140,38.0,29.308656172924454,1.296545286
28,408.0,524.0,410.67,518.67,0,0.0,2,0.44999999,0.2857143,4.3365102,4.9847388,0.48687446,0.094389901,0.59751064,0.43002722,5.961359,11.146893,178,0.1153056,0.52674574,2.0539176,4.150147,1973,0.0,0.0,0.11356388895
29,309.23,304.0,434.8,298.4,7304,0.46892655,5,1.5,0.55555558,4.1565089,7.8238473,0.57947415,0.11234213,0.61172467,0.49062237,125.69481,9.525424,178,0.096879818,0.52442485,1.7257024,3.7802422,1686,18.0,7.517270520268732,2.3944861305000003
30,652.0,764.0,658.0,802.0,4366,0.28030303,2,0.83333331,0.40000001,4.3229685,6.0162559,0.4189873,0.081228688,0.5857718,0.36888227,38.470768,12.79096,178,0.13398819,0.42680582,2.3867071,4.4408302,2264,10.0,13.645019595192375,0.7328681304
31,636.27,745.87,652.0,764.0,4621,0.29667437,3,1.0333333,0.375,4.2860918,6.6500788,0.44704834,0.086668849,0.59078234,0.39024261,24.002705,12.050847,178,0.12557781,0.43889844,2.2368946,4.2697411,2133,11.0,24.056781163719243,0.45725153025
32,590.55,709.09,639.71,658.29,3203,0.20563687,7,1.7666667,0.53846157,4.2058206,6.8391128,0.47756773,0.092585616,0.59597564,0.40909073,70.69191,11.344633,178,0.11755265,0.45015016,2.0939438,4.1604333,2008,22.0,16.336461174194042,1.3466808854999999
33,578.0,238.0,585.6,189.2,4795,0.30784541,3,0.91666669,0.42857143,4.1066179,6.8971791,0.49824873,0.096595027,0.59935778,0.41674912,49.388256,10.915255,178,0.11267334,0.44689569,2.0070298,3.8430519,1932,2.0,2.125745777304223,0.9408462768
34,430.8,494.4,465.09,461.45,2037,0.13077812,6,1.8333334,0.60000002,4.1635351,6.689785,0.54278493,0.10522921,0.60630643,0.46031627,47.555302,10.101695,178,0.10342835,0.51621622,1.8423504,3.7636702,1788,3.0,3.3115196063864745,0.9059285031
35,612.0,688.0,616.8,680.8,30,0.00192604,4,1.0095239,0.44444445,4.25809,6.4753551,0.44029534,0.085359648,0.58959824,0.38183376,8.6533232,12.220339,178,0.12750386,0.43029261,2.2712028,4.2023644,2163,19.0,115.25922527474638,0.16484580696000004
36,604.8,692.8,612.0,688.0,2,0.00012840267,3,0.64285713,0.42857143,4.2445655,6.3100019,0.43612295,0.084550753,0.58885986,0.37701231,8.6533232,12.327683,178,0.12872368,0.42484224,2.2929313,4.1621141,2182,6.0,36.39765008676202,0.16484580696000004
37,642.0,740.0,652.0,740.0,0,0.0,1,0.33333334,0.33333334,4.2892532,5.1615911,0.40595475,0.078702077,0.58336014,0.35461545,10.0,13.169492,178,0.13828968,0.40840429,2.4633288,4.2157259,2331,17.0,89.23884514435696,0.1905
38,350.0,802.0,422.0,818.0,1812,0.11633282,2,1.0,0.5,4.1689548,5.9440269,0.41168857,0.079813682,0.58442813,0.34954026,73.756355,13.0,178,0.13636364,0.36216217,2.4290206,4.0543714,2301,20.0,14.234282136152192,1.40505856275
39,774.67,662.67,780.0,660.0,1214,0.077940419,2,1.0,0.5,4.3768144,5.6664162,0.36373815,0.070517585,0.57513171,0.32420847,5.961359,14.581921,178,0.15434001,0.36653492,2.7492304,4.5029488,2581,0.0,0.0,0.11356388895
40,858.0,246.0,886.0,262.0,3533,0.22682332,2,0.83333331,0.40000001,4.3053632,5.072546,0.39982924,0.077514522,0.58220679,0.35057396,32.249031,13.355932,178,0.14040832,0.42371541,2.5010679,4.2061763,2364,0.0,0.0,0.61434404055
41,199.71,214.29,221.05,208.63,1045,0.067090392,5,1.3666667,0.5,4.5754294,6.3652544,0.40056184,0.07765656,0.58234543,0.37324768,22.077845,13.333333,178,0.14015152,0.46756098,2.4964933,4.9148421,2360,7.0,16.64356590244518,0.42058294725
42,205.71,349.71,258.8,361.6,3095,0.19870314,5,1.3333334,0.41666666,4.4725137,7.0121489,0.49291235,0.095560469,0.59849507,0.44901717,54.405148,11.022599,178,0.11389317,0.53254282,2.0287583,4.5851874,1951,11.0,10.61347763491627,1.0364180694
43,324.0,680.0,328.8,672.8,2370,0.15215716,3,0.83333331,0.33333334,4.4382215,5.1902914,0.44613597,0.086491972,0.59062314,0.40326872,8.6533232,12.073446,178,0.12583461,0.50354612,2.2414691,4.2329264,2137,0.0,0.0,0.16484580696000004
44,321.71,719.71,324.0,680.0,2259,0.14503081,4,1.25,0.5714286,4.3791461,5.4458122,0.43395856,0.084131151,0.58847481,0.38703477,39.775974,12.384181,178,0.1293657,0.46903822,2.3043673,4.1426301,2192,7.0,9.238091020510769,0.7577323047
45,257.6,440.53,258.8,361.6,3824,0.2455059,4,1.1166667,0.40000001,4.4264154,6.708241,0.49598783,0.096156701,0.59899306,0.44716343,78.939125,10.960452,178,0.11318696,0.5354414,2.0161786,4.5351791,1940,8.0,5.31989056835479,1.50379033125
46,850.0,234.0,858.0,246.0,3656,0.23472008,2,1.0,0.5,4.2076311,5.7204885,0.41149482,0.079776123,0.58439219,0.35261694,14.422205,13.00565,178,0.13642783,0.41636914,2.4301641,4.1590519,2302,0.0,0.0,0.27474300525
47,548.44,749.11,553.33,713.33,2558,0.16422701,3,1.0333333,0.375,4.1055684,6.7475767,0.49967229,0.096871011,0.59958678,0.41783372,36.11261,10.887006,178,0.11235233,0.44847149,2.0013115,3.888607,1927,52.0,75.58741372199125,0.6879452205
48,684.0,212.0,716.0,232.0,0,0.0,2,0.5,0.33333334,4.0490065,5.8914304,0.42613378,0.082614169,0.58707082,0.35140085,37.735924,12.593221,178,0.13174114,0.38378379,2.3466809,4.0362415,2229,0.0,0.0,0.7188693522
49,716.0,232.0,758.8,226.4,1705,0.10946327,4,1.4166666,0.5,4.0967364,6.4160533,0.44888425,0.087024778,0.591102,0.37453473,43.164799,12.00565,178,0.12506419,0.41501501,2.2277458,4.0110035,2125,0.0,0.0,0.8222894209500001
50,708.0,252.0,716.0,232.0,1589,0.10201592,4,1.5833334,0.5714286,3.9957278,6.4377365,0.44252354,0.085791633,0.58999038,0.36012128,21.540659,12.163842,178,0.12686184,0.37724552,2.2597668,4.0203514,2153,0.0,0.0,0.41034955395000006
51,243.71,233.14,286.0,228.0,352,0.02259887,3,1.5333333,0.42857143,4.5107856,6.4536095,0.43417403,0.084172919,0.5885132,0.39886728,42.601215,12.378531,178,0.12930149,0.48986828,2.3032238,4.745831,2191,12.0,14.786462307296155,0.8115531457500001
52,838.0,630.0,906.8,626.4,1721,0.1104905,2,1.0,0.5,4.5929432,4.1071477,0.32676625,0.063349873,0.56732035,0.30562386,68.894119,16.118645,178,0.17180277,0.41186813,3.0602915,4.9711828,2853,0.0,0.0,1.3124329669500001
53,509.2,453.6,509.85,568.31,8133,0.52214944,3,1.0,0.42857143,3.8117685,7.3975024,0.58568424,0.11354606,0.6126169,0.45475522,114.71185,9.4350281,178,0.095852591,0.44621661,1.7074047,3.4395626,1670,122.0,55.82857808557369,2.1852607425
54,205.45,313.09,242.55,270.91,2744,0.17616847,6,1.4833333,0.42857143,4.480824,7.0550709,0.4820433,0.093453288,0.59671652,0.43992648,56.174393,11.248588,178,0.11646122,0.52200264,2.0745025,4.7327132,1991,13.0,12.14814547551461,1.0701221866500001
55,745.2,749.6,782.8,749.6,1718,0.1102979,4,1.1666666,0.40000001,4.5752544,5.2757964,0.33362323,0.064679235,0.56881714,0.31083789,37.599998,15.80791,178,0.16827171,0.38343918,2.9973931,5.2909794,2798,1.0,1.396102157245061,0.7162799619
56,616.8,680.8,658.89,643.56,2341,0.15029533,5,1.5595238,0.5,4.2683268,6.5580812,0.44500077,0.08627189,0.59042472,0.38684425,56.199516,12.101695,178,0.12615563,0.4363167,2.2471871,4.2266049,2142,36.0,33.62597961746786,1.0706007798000001
57,496.0,580.0,506.4,577.2,0,0.0,2,0.66666669,0.5,3.8664753,6.2119174,0.52392244,0.10157236,0.60341632,0.41260949,10.770329,10.429379,178,0.10715203,0.41561624,1.9086795,3.6111014,1846,3.0,14.621681005346254,0.20517476745000002
58,324.0,554.0,341.2,537.6,2211,0.14194915,5,1.2,0.45454547,4.5131168,6.2244473,0.47549021,0.092182852,0.59562993,0.43707007,23.765522,11.389831,178,0.11806626,0.53419453,2.1030927,4.5427465,2016,1.0,2.2088064516407413,0.4527331941
59,321.71,719.71,338.0,778.0,1934,0.12416539,4,1.4166666,0.66666669,4.3067756,5.9590402,0.42242828,0.081895784,0.58639932,0.37052009,60.523453,12.694915,178,0.13289677,0.43147486,2.3672657,4.1185489,2247,13.0,11.27521091968645,1.15297177965
60,434.8,298.4,464.0,312.0,6605,0.42404982,4,1.2833333,0.5,4.1073713,6.1952991,0.58646983,0.11369837,0.61272925,0.49067929,32.2118,9.4237289,178,0.095724188,0.53009772,1.7051176,3.616729,1668,5.0,8.148169043674985,0.61363479
61,434.8,298.4,440.0,300.0,0,0.0,3,0.69999999,0.42857143,4.1350112,7.4769549,0.55731457,0.10804606,0.60848314,0.46940815,5.440588,9.8644066,178,0.10073189,0.50551528,1.7943188,3.7029166,1746,1.0,9.64848621513152,0.10364320140000001
62,464.0,312.0,464.0,364.0,6613,0.42456344,2,0.58333331,0.2857143,4.0508418,5.5936646,0.59003139,0.11438885,0.61323738,0.48686689,52.0,9.3728809,178,0.09514638,0.53293413,1.6948251,3.4827657,1659,32.0,32.30365435089844,0.9906
63,264.0,360.0,302.0,358.0,2753,0.17674628,2,0.66666669,0.33333334,4.277802,6.6890211,0.52739841,0.10224624,0.60395455,0.45953456,38.052597,10.367231,178,0.10644581,0.52438325,1.8960998,4.0219698,1835,9.0,12.415471797677561,0.72490197285
64,712.0,640.0,718.0,662.0,1589,0.10201592,2,0.83333331,0.40000001,4.3775916,5.7694988,0.39477494,0.076534659,0.5812453,0.35194728,22.803509,13.514124,178,0.14220595,0.41633728,2.5330887,4.3185863,2392,13.0,29.925863522264475,0.43440684645
65,658.89,643.56,712.0,640.0,1832,0.11761685,3,1.2,0.42857143,4.3222589,6.1775165,0.41778621,0.080995828,0.58555186,0.36776391,53.229179,12.824859,178,0.1343734,0.42515793,2.3935688,4.2681098,2270,15.0,14.792668036513387,1.01401585995
66,430.8,494.4,439.2,487.2,19,0.0012198254,3,0.75,0.375,4.2405052,6.4204679,0.50254399,0.097427741,0.60004723,0.43404824,11.063454,10.830508,178,0.11171032,0.50086057,1.9898756,3.8617516,1917,0.0,0.0,0.2107587987
67,324.0,554.0,328.8,672.8,2734,0.17552646,4,1.1166667,0.40000001,4.485785,5.9805532,0.46022448,0.089223295,0.59305543,0.42046851,118.89693,11.734464,178,0.12198254,0.51874369,2.1728528,4.3760591,2077,6.0,2.649022392094227,2.2649865165
68,242.55,270.91,306.4,286.8,3798,0.24383667,5,1.2833333,0.38461539,4.4149103,7.2340236,0.49938694,0.096815683,0.59954089,0.44905943,65.797523,10.892655,178,0.11241654,0.51908815,2.0024552,4.5270982,1928,28.0,22.338474245692794,1.25344281315
69,196.0,220.0,199.71,214.29,192,0.012326657,3,0.73333335,0.375,4.6104946,5.9312491,0.37193811,0.0721073,0.57678342,0.34922045,6.8094201,14.282486,178,0.15093733,0.44695365,2.6886194,4.9209857,2528,2.0,15.41788802844165,0.129719452905
70,187.16,223.37,196.0,220.0,1,0.000064201333,3,0.86666667,0.60000002,4.6461635,5.5065918,0.35358939,0.06855005,0.57304871,0.33455384,9.4605761,14.971751,178,0.15876991,0.43808225,2.8281393,4.9413004,2650,3.0,16.645954040856974,0.180223974705
71,188.0,452.0,253.71,445.71,407,0.026129944,3,1.0,0.42857143,4.4762807,5.241353,0.45471999,0.088156141,0.59211171,0.41455668,66.010361,11.864407,178,0.12345917,0.53097558,2.1991556,4.6739736,2100,3.0,2.3856908608730363,1.2574973770500002
72,176.0,440.0,188.0,452.0,197,0.012647663,2,0.83333331,0.40000001,4.5479078,5.0231667,0.43032801,0.083427295,0.58782572,0.39858574,16.970562,12.480226,178,0.13045712,0.52199483,2.3238087,4.8338962,2209,0.0,0.0,0.32328920610000006
73,176.0,376.0,176.0,440.0,197,0.012647663,2,0.75,0.33333334,4.5455275,6.0019488,0.43721327,0.084762134,0.58905333,0.40475431,64.0,12.299435,178,0.12840267,0.51219511,2.2872133,4.8096328,2177,5.0,4.101049868766404,1.2192
74,516.0,784.0,521.05,776.63,2105,0.13514382,2,1.0,0.5,4.1893649,5.5519152,0.44207609,0.085704885,0.58991176,0.37719119,8.9341707,12.175141,178,0.12699024,0.4325875,2.262054,3.9535043,2155,17.0,99.88486692375035,0.170195951835
75,506.0,806.0,516.0,784.0,1953,0.12538521,2,1.0,0.5,4.1977978,5.4479742,0.42571884,0.082533725,0.58699584,0.3639591,24.166092,12.60452,178,0.13186954,0.410786,2.348968,3.9776878,2231,20.0,43.44387857185181,0.4603640526
76,504.0,452.0,509.2,453.6,8870,0.56946582,3,0.86666667,0.33333334,3.8572068,5.5996323,0.60430306,0.11715568,0.61525142,0.47481522,5.440588,9.1751413,178,0.09289933,0.49334735,1.6547989,3.363776,1624,2.0,19.29697243026304,0.10364320140000001
77,417.71,452.0,504.0,452.0,9047,0.5808295,5,1.5333333,0.45454547,3.916904,5.5786433,0.61492723,0.11921538,0.61672837,0.49064666,86.290001,9.0338984,178,0.091294296,0.52835822,1.6262087,3.4001327,1599,44.0,26.766847367277684,1.64382451905
78,464.0,452.0,470.8,452.2,297,0.019067796,3,0.64999998,0.30000001,3.961386,5.3288145,0.58529216,0.11347006,0.61256075,0.47228849,6.8029404,9.4406776,178,0.095916793,0.52915221,1.7085483,3.5098939,1671,0.0,0.0,0.12959601462
79,434.8,298.4,441.6,253.2,4652,0.2986646,4,1.1166667,0.44444445,4.1353374,7.2209387,0.57226866,0.1109452,0.6106807,0.48204979,45.708641,9.6327686,178,0.098099642,0.51843679,1.7474309,3.6870854,1705,4.0,4.593743079800598,0.87074961105
80,485.33,625.33,508.0,626.77,0,0.0,1,0.5,0.5,4.5097704,3.4241507,0.33905643,0.065732561,0.56998694,0.31138059,22.715689,15.570621,178,0.16557525,0.4331868,2.9493616,4.4419975,2756,11.0,25.41978020223422,0.43273387545
81,334.22,540.0,341.2,537.6,2564,0.16461222,4,0.98333335,0.40000001,4.4732523,5.4150295,0.48987481,0.094971575,0.59800094,0.44632226,7.381084,11.084745,178,0.11459938,0.54787236,2.041338,4.4844732,1962,0.0,0.0,0.14060965020000002
82,205.45,313.09,231.69,285.23,0,0.0,3,0.58333331,0.30000001,4.5327649,6.6587191,0.45166659,0.087564185,0.59158462,0.41696751,38.271626,11.937853,178,0.12429378,0.50962514,2.2140224,4.7751002,2113,11.0,15.087621872201346,0.7290744753
83,176.0,376.0,205.71,349.71,389,0.02497432,4,1.2,0.40000001,4.5395346,6.7905235,0.45685816,0.088570669,0.59247929,0.42239267,39.671757,11.81356,178,0.12288135,0.51519758,2.188863,4.7166762,2091,2.0,2.6463883775155193,0.75574697085
84,400.0,548.0,402.4,542.8,422,0.027092963,3,0.69999999,0.33333334,4.4313073,5.1242304,0.47782871,0.092636213,0.59601897,0.43125901,5.7271285,11.338983,178,0.11748844,0.53647417,2.0928001,4.3660746,2007,0.0,0.0,0.10910179792500001
85,400.0,548.0,401.07,616.27,2052,0.13174114,4,1.2,0.44444445,4.4195571,5.1244907,0.46290445,0.089742862,0.59351188,0.41667432,68.278381,11.672317,178,0.12127632,0.52152991,2.1602731,4.3339443,2066,15.0,11.532223864580937,1.30070315805
86,298.29,198.29,304.0,244.0,548,0.035182331,3,1.0,0.42857143,4.4588881,6.7205014,0.44118392,0.08553192,0.58975482,0.40064716,46.065262,12.197741,178,0.12724705,0.47773385,2.2666285,4.5378308,2159,9.0,10.25590486996231,0.8775432411
87,286.0,228.0,300.0,214.29,0,0.0,1,0.33333334,0.33333334,4.5262623,5.2332811,0.39928153,0.077408344,0.58210301,0.36805606,19.595001,13.372881,178,0.14060092,0.46585366,2.5044985,4.6946115,2367,2.0,5.35783982049401,0.37328476905
88,180.0,230.0,199.71,214.29,457,0.02934001,5,1.5333333,0.55555558,4.6188898,6.0232425,0.38035083,0.073738262,0.57845014,0.35777301,25.204924,13.988701,178,0.14759886,0.45918608,2.6291518,4.9852462,2476,0.0,0.0,0.4801538022
89,686.8,462.4,697.71,452.29,2339,0.15016693,2,0.83333331,0.40000001,3.8298178,7.3459849,0.5309208,0.10292912,0.60449731,0.41416013,14.874146,10.305085,178,0.1057396,0.38909495,1.8835201,3.5603826,1824,0.0,0.0,0.2833524813
90,414.0,374.0,462.4,369.2,273,0.017526964,3,0.86666667,0.375,3.9660783,5.4673214,0.57301867,0.11109061,0.61078984,0.46292585,48.637436,9.6214685,178,0.097971238,0.51906711,1.7451438,3.5249386,1703,8.0,8.634244341368648,0.9265431558
91,238.29,276.0,242.55,270.91,0,0.0,3,0.56666666,0.30000001,4.4620957,6.8037186,0.46861014,0.09084902,0.5944773,0.42587295,6.6374469,11.542373,178,0.11979969,0.50830042,2.13397,4.621861,2043,1.0,7.908679212214861,0.126443363445
92,785.6,589.2,794.67,578.67,1147,0.073638931,2,1.0,0.5,4.3148704,4.7499127,0.35881269,0.069562688,0.57412624,0.31529021,13.897691,14.768362,178,0.15645866,0.35783926,2.7869694,4.509275,2614,1.0,3.777133792959562,0.26475101355
93,221.05,208.63,236.0,192.0,978,0.062788904,4,1.1166667,0.44444445,4.5468969,5.4632993,0.40956745,0.079402469,0.58403432,0.37926319,22.362007,13.062147,178,0.13706985,0.47926828,2.4416003,4.8596992,2312,5.0,11.737192980981085,0.42599623335
94,912.0,580.0,912.0,622.0,2155,0.13835388,2,0.83333331,0.40000001,4.5084186,4.6602683,0.35444933,0.068716764,0.57322693,0.32542518,42.0,14.937853,178,0.1583847,0.41966596,2.8212776,4.6356907,2644,0.0,0.0,0.8001
95,892.0,562.29,912.0,580.0,2417,0.15517463,3,1.1666666,0.5,4.4519281,4.7877865,0.37432644,0.072570316,0.57725942,0.33937609,26.714117,14.197741,178,0.14997432,0.43024391,2.6714652,4.4816275,2513,0.0,0.0,0.50890392885
96,585.6,189.2,594.89,179.56,4239,0.27214947,4,1.3333334,0.66666669,4.1023426,6.6848602,0.47782871,0.092636213,0.59601897,0.39924383,13.387819,11.338983,178,0.11748844,0.42325875,2.0928001,3.9172499,2007,0.0,0.0,0.25503795195
97,650.8,650.4,658.89,643.56,0,0.0,2,0.53333336,0.33333334,4.3063703,5.9293609,0.41285482,0.080039784,0.58464402,0.36208498,10.594041,12.966102,178,0.13597843,0.41829169,2.422159,4.24441,2295,0.0,0.0,0.20181648105000002
98,764.0,228.0,850.0,234.0,3801,0.24402927,2,0.83333331,0.40000001,4.1494861,6.1561065,0.42634156,0.082654446,0.58710831,0.36029682,86.209045,12.58757,178,0.13167694,0.41164657,2.3455372,4.0980425,2228,2.0,1.2178174185831654,1.6422823072500001
99,298.29,198.29,309.2,189.6,1415,0.090844892,3,1.1666666,0.5,4.4336419,5.6685333,0.43941033,0.085188076,0.58944201,0.39677641,13.94791,12.242938,178,0.12776066,0.47562581,2.2757773,4.4485192,2167,2.0,7.527068689174216,0.2657076855
100,709.6,753.2,713.2,797.2,558,0.035824344,3,1.0833334,0.42857143,4.5140791,5.7109642,0.35516918,0.068856321,0.57337588,0.32649577,44.147026,14.909604,178,0.15806369,0.3995122,2.8155596,4.8837776,2639,2.0,2.378118893907371,0.8410008453
101,830.8,749.6,837.71,746.29,1634,0.10490498,3,1.1666666,0.5,4.4924521,4.676497,0.32338259,0.062693886,0.56657308,0.29584035,7.6618667,16.276836,178,0.17360041,0.36391437,3.0923123,5.2183452,2881,0.0,0.0,0.145958560635
102,447.73,246.13,578.0,238.0,4958,0.31831023,3,1.0,0.42857143,4.1315846,7.4651585,0.52266979,0.10132951,0.60322171,0.43984574,130.52345,10.451978,178,0.10740884,0.47273874,1.9132539,3.7870066,1850,15.0,6.032644515626499,2.4864717225
103,708.0,800.0,713.2,797.2,3893,0.24993581,3,1.0833334,0.42857143,4.4601507,5.9299283,0.37658334,0.073007867,0.57770717,0.34205377,5.9059291,14.118644,178,0.14907551,0.41185412,2.6554546,4.79249,2499,1.0,8.888260836082502,0.112507949355
104,708.0,252.0,710.67,246.67,0,0.0,2,0.58333331,0.40000001,3.9670022,5.8683257,0.42222431,0.081856236,0.58636218,0.34112385,5.961359,12.700565,178,0.13296096,0.34730539,2.3684094,4.0348959,2248,0.0,0.0,0.11356388895
105,708.0,252.0,708.0,284.0,1536,0.098613255,3,1.0833334,0.42857143,3.9232469,6.4228654,0.43985239,0.085273772,0.5895201,0.35145342,32.0,12.231638,178,0.12763226,0.34063017,2.27349,4.0109868,2165,1.0,1.6404199475065615,0.6096
106,590.55,709.09,604.8,692.8,218,0.013995891,4,0.87619048,0.36363637,4.1981049,6.7530541,0.47240764,0.091585234,0.59511501,0.40392578,21.643166,11.457627,178,0.11883667,0.44414413,2.116816,4.0964451,2028,20.0,48.508095645720196,0.41230231230000003
107,706.4,289.2,708.0,284.0,1536,0.098613255,3,1.1666666,0.5,3.8671098,6.7573495,0.43918961,0.085145287,0.58940303,0.34590226,5.440588,12.248588,178,0.12782486,0.30287114,2.2769208,4.0392036,2168,0.0,0.0,0.10364320140000001
108,341.2,537.6,402.4,542.8,3285,0.21090138,4,0.98333335,0.36363637,4.4622321,5.2539687,0.49374732,0.09572234,0.59863049,0.44874424,61.420517,11.00565,178,0.11370057,0.55141842,2.0253274,4.420857,1948,7.0,5.982594842721201,1.17006084885
109,444.0,480.0,451.2,475.2,1,0.000064201333,3,0.83333331,0.5,4.1972427,6.0943441,0.48987481,0.094971575,0.59800094,0.41878319,8.6533232,11.084745,178,0.11459938,0.48795182,2.041338,3.8048413,1962,2.0,12.132550028920672,0.16484580696000004
110,268.0,724.0,321.71,719.71,0,0.0,3,0.83333331,0.60000002,4.3559818,5.175024,0.4105289,0.07958886,0.58421302,0.36419198,53.881058,13.033898,178,0.13674885,0.43873519,2.4358821,4.1313758,2307,13.0,12.665205983199693,1.0264341549
111,316.0,720.0,321.71,719.71,0,0.0,3,0.83333331,0.60000002,4.3559818,5.175024,0.4105289,0.07958886,0.58421302,0.36419198,5.7173595,13.033898,178,0.13674885,0.43873519,2.4358821,4.1313758,2307,0.0,0.0,0.108915698475
112,412.0,492.0,413.6,497.2,2931,0.18817411,3,1.0,0.375,4.2432699,5.5106606,0.52392244,0.10157236,0.60341632,0.45281899,5.440588,10.429379,178,0.10715203,0.52122778,1.9086795,3.8341064,1846,3.0,28.945458645394563,0.10364320140000001
113,413.6,497.2,430.8,494.4,1314,0.084360555,4,1.0833334,0.36363637,4.2734332,6.6757526,0.51802522,0.10042907,0.60249716,0.45090169,17.426416,10.536723,178,0.10837185,0.51577741,1.930408,3.9519699,1865,0.0,0.0,0.3319732248
114,782.8,749.6,785.2,794.4,187,0.01200565,4,1.25,0.44444445,4.574789,5.348681,0.31901735,0.061847597,0.5656004,0.29719433,44.864239,16.485876,178,0.17597586,0.35521054,3.1346259,5.3742723,2918,1.0,1.170050790791525,0.85466375295
115,776.31,797.85,785.2,794.4,196,0.012583462,3,1.0833334,0.42857143,4.5775433,5.4321723,0.31843647,0.061734986,0.56547022,0.29683158,9.5359631,16.514124,178,0.17629686,0.35403433,3.1403439,5.308075,2923,0.0,0.0,0.181660097055
116,658.0,802.0,708.0,800.0,4122,0.26463792,2,0.83333331,0.40000001,4.3828039,5.81778,0.39584723,0.076742537,0.58145005,0.35332385,50.039986,13.480226,178,0.14182074,0.41791832,2.526227,4.614192,2386,3.0,3.147089508790628,0.9532617333000001
117,490.0,818.0,506.0,806.0,1856,0.11915768,2,1.0,0.5,4.1566725,5.6854029,0.41619539,0.080687419,0.58525985,0.35232747,20.0,12.870056,178,0.13488701,0.36906907,2.4027176,4.0173888,2278,9.0,23.62204724409449,0.381
118,521.05,776.63,548.44,749.11,2309,0.14824088,2,0.83333331,0.40000001,4.140883,5.9973407,0.46710819,0.090557836,0.59422398,0.39394826,38.827343,11.576271,178,0.1201849,0.43783784,2.1408317,3.9249458,2049,41.0,55.43080738562536,0.73966088415
119,236.0,228.0,243.71,233.14,1375,0.088276833,3,0.78333336,0.30000001,4.5153522,6.4517736,0.43721327,0.084762134,0.58905333,0.40206739,9.2662668,12.299435,178,0.12840267,0.49341437,2.2872133,4.8444009,2177,3.0,16.99501194597914,0.17652238254000002
120,221.05,208.63,229.33,200.0,0,0.0,3,0.69999999,0.42857143,4.5646095,6.2122617,0.39928153,0.077408344,0.58210301,0.37117428,11.959737,13.372881,178,0.14060092,0.46585366,2.5044985,4.8450971,2367,0.0,0.0,0.22783298985000003
121,411.56,458.89,412.0,492.0,3028,0.19440164,2,0.66666669,0.33333334,4.123024,5.2552466,0.54413599,0.10549115,0.60651064,0.45697278,33.112923,10.079096,178,0.10317154,0.51741743,1.8377759,3.6296663,1784,4.0,6.341142196381753,0.6308011831500001
122,588.0,184.0,594.89,179.56,72,0.0046224962,3,0.91666669,0.60000002,4.1422319,6.0390868,0.44773504,0.086801983,0.59090203,0.37772402,8.1966887,12.033898,178,0.12538521,0.41351351,2.2334638,3.9660461,2130,0.0,0.0,0.156146919735
123,434.0,626.0,480.0,628.0,700,0.044940934,2,0.83333331,0.40000001,4.4830575,4.5407052,0.39229545,0.076053955,0.58077025,0.35816169,46.043457,13.593221,178,0.14310478,0.47565278,2.5490992,4.4042392,2406,30.0,34.202539344652145,0.87712785585
124,480.0,628.0,485.33,625.33,352,0.02259887,2,1.5,0.66666669,4.4985347,3.9717529,0.36388952,0.070546925,0.57516247,0.3333635,5.961359,14.576271,178,0.1542758,0.45398772,2.7480867,4.4305162,2580,0.0,0.0,0.11356388895
125,152.0,280.0,161.6,261.2,1006,0.064586543,2,0.75,0.33333334,4.5729065,6.1585827,0.41878664,0.081189781,0.58573508,0.3900227,21.10924,12.79661,178,0.13405238,0.49073172,2.3878508,4.8661933,2265,0.0,0.0,0.402131022
126,152.0,280.0,205.45,313.09,1321,0.084809966,4,1.1666666,0.36363637,4.5350718,6.7431278,0.4533056,0.087881945,0.59186792,0.41869438,62.863747,11.898305,178,0.12384438,0.5113982,2.2060173,4.827734,2106,16.0,13.360562378239395,1.19755438035
127,451.2,475.2,465.09,461.45,54,0.003466872,3,0.75,0.375,4.1165972,6.374433,0.52899367,0.10255551,0.60420066,0.44355583,19.544682,10.338983,178,0.10612481,0.50360358,1.8903818,3.6949441,1830,5.0,13.429084781274508,0.37232619210000006
128,236.0,192.0,298.29,198.29,1067,0.068502828,3,0.91666669,0.375,4.5106401,5.7008662,0.42019534,0.08146289,0.58599252,0.38600671,62.606773,12.757062,178,0.13360298,0.47289768,2.3798454,4.6536784,2258,29.0,24.315415702484604,1.19265902565
129,714.0,748.0,740.0,748.0,65,0.004173087,2,0.83333331,0.40000001,4.5995374,5.0342641,0.32266662,0.062555082,0.56641424,0.30222136,26.0,16.310734,178,0.17398562,0.38423085,3.099174,5.09797,2887,1.0,2.0189783969311526,0.4953
130,740.0,748.0,745.2,749.6,138,0.0088597843,3,1.0,0.375,4.6030393,5.0046549,0.32774606,0.063539833,0.5675357,0.30721447,5.440588,16.073446,178,0.17128916,0.39377415,3.0511425,5.2159386,2845,0.0,0.0,0.10364320140000001
131,328.8,672.8,337.2,665.6,352,0.02259887,3,1.5833334,0.5,4.4805155,4.8919859,0.43331343,0.084006079,0.58835977,0.39540496,11.063454,12.40113,178,0.1295583,0.50780487,2.3077981,4.3035569,2195,0.0,0.0,0.2107587987
132,221.05,208.63,236.0,228.0,1184,0.076014385,4,1.1166667,0.44444445,4.5288219,6.68435,0.42202052,0.081816733,0.58632511,0.38924691,24.468334,12.706215,178,0.13302517,0.47517732,2.3695531,4.8564453,2249,7.0,15.017535245410244,0.4661217627
133,185.23,367.69,205.71,349.71,0,0.0,3,0.61666667,0.33333334,4.5333357,6.6805134,0.4561432,0.088432066,0.59235656,0.42115542,27.252722,11.830508,178,0.12307396,0.51443768,2.1922939,4.6906328,2094,4.0,7.704689215295262,0.5191643541
134,310.0,458.0,334.22,540.0,4025,0.25841036,3,0.69999999,0.30000001,4.4570861,5.8104496,0.48310858,0.093659818,0.59689212,0.43856347,85.502098,11.225988,178,0.11620442,0.54154003,2.0699282,4.5433106,1987,5.0,3.0697163898954836,1.6288149669
135,161.6,261.2,176.0,246.0,721,0.046289165,2,0.83333331,0.40000001,4.6284781,5.939971,0.39106733,0.075815864,0.5805341,0.3686215,20.938004,13.632769,178,0.14355418,0.47400612,2.5571046,4.9681807,2413,5.0,12.535444715792865,0.3988689762
136,616.8,680.8,639.71,658.29,0,0.0,3,0.59285712,0.33333334,4.2544103,6.3891635,0.44007373,0.085316695,0.58955914,0.38131168,32.118034,12.225988,178,0.12756805,0.43000573,2.2723465,4.1920357,2164,26.0,42.494176210332775,0.6118485477000001
137,253.71,445.71,257.6,440.53,1831,0.11755265,4,1.1666666,0.5,4.4485464,6.2258134,0.47420093,0.0919329,0.59541488,0.42964798,6.4780011,11.418079,178,0.11838726,0.53292805,2.1088107,4.7435379,2021,0.0,0.0,0.12340592095500001
138,253.71,445.71,310.0,458.0,3989,0.25609913,4,1.25,0.5,4.4583068,6.2485075,0.47782871,0.092636213,0.59601897,0.43388662,57.616039,11.338983,178,0.11748844,0.53647417,2.0928001,4.6216383,2007,4.0,3.6443628705687297,1.09758554295
139,331.65,546.78,334.22,540.0,1547,0.099319465,5,1.3666667,0.55555558,4.4885583,6.1518483,0.4688614,0.090897731,0.59451962,0.42862841,7.2507448,11.536723,178,0.11973549,0.52760893,2.1328263,4.5889935,2042,0.0,0.0,0.13812668844
140,331.65,546.78,364.0,572.0,352,0.02259887,3,1.45,0.42857143,4.5184412,5.2038889,0.44073918,0.085445702,0.58967644,0.40558875,41.019154,12.20904,178,0.12737545,0.51609755,2.2689157,4.4562216,2161,1.0,1.2797299115483944,0.7814148837
141,364.0,572.0,398.77,568.0,0,0.0,1,0.33333334,0.33333334,4.5339179,4.4293351,0.40482709,0.078483455,0.58314878,0.37380147,34.999329,13.20339,178,0.13867489,0.49188426,2.4701903,4.4328303,2337,2.0,2.9996825550689823,0.6667372174500001
142,441.6,253.2,447.73,246.13,4505,0.28922701,3,0.91666669,0.375,4.1323452,7.4885259,0.54685837,0.10601893,0.6069209,0.46029878,9.3574467,10.033898,178,0.10265794,0.49606052,1.8286271,3.7393837,1776,0.0,0.0,0.17825935963500003
143,886.8,566.4,892.0,562.29,1394,0.089496665,3,1.1666666,0.5,4.4363456,4.410965,0.37707052,0.073102318,0.57780355,0.3406685,6.6281295,14.101695,178,0.1488829,0.43439025,2.6520238,4.4328413,2496,0.0,0.0,0.126265866975
144,553.33,713.33,590.55,709.09,8325,0.5344761,5,1.2595239,0.38461539,4.1254287,6.9947567,0.50750232,0.098389015,0.60083783,0.42643803,37.460728,10.734464,178,0.1106189,0.45698076,1.9704343,3.9780669,1900,51.0,71.46591903741722,0.7136268684000001
145,906.8,626.4,912.0,622.0,1907,0.12243195,2,1.0,0.5,4.5618992,4.5518861,0.3370958,0.065352455,0.56956643,0.31315777,6.8117547,15.655367,178,0.16653827,0.4105885,2.9665158,4.8229942,2771,0.0,0.0,0.129763927035
146,205.45,313.09,205.71,349.71,2471,0.1586415,6,1.5333333,0.46153846,4.556385,6.9337683,0.46364078,0.089885615,0.59363699,0.43025813,36.620922,11.655367,178,0.12108372,0.52228975,2.1568422,4.878768,2063,8.0,11.467420360461698,0.6976285641000001
147,258.8,361.6,264.0,360.0,2645,0.16981253,3,0.94999999,0.33333334,4.3635931,6.8653626,0.51255953,0.099369444,0.60163838,0.45555398,5.440588,10.638418,178,0.10952748,0.53144741,1.9509929,4.2787924,1883,1.0,9.64848621513152,0.10364320140000001
148,794.67,578.67,801.2,573.6,1180,0.075757578,2,1.0,0.5,4.3595185,4.5477996,0.3610349,0.069993503,0.57458115,0.32052633,8.2671518,14.683616,178,0.15549563,0.38652483,2.7698154,4.4745932,2599,1.0,6.349640068325583,0.15748924179
149,306.4,286.8,308.0,292.0,4164,0.26733437,3,0.78333336,0.30000001,4.3544607,7.4902892,0.51346242,0.099544488,0.60178071,0.45540187,5.440588,10.621469,178,0.10933487,0.51147449,1.9475621,4.2531443,1880,1.0,9.64848621513152,0.10364320140000001
150,414.0,374.0,417.71,452.0,254,0.01630714,3,0.86666667,0.375,3.9520411,5.2765298,0.58140063,0.1127156,0.61200219,0.46803948,78.088181,9.4971752,178,0.096558809,0.52600062,1.7199844,3.4587181,1681,1.0,0.6722328225344366,1.4875798480500002
151,594.89,179.56,758.0,178.0,4274,0.27439651,3,0.91666669,0.42857143,4.1298766,5.46106,0.46512049,0.090172485,0.59388787,0.39122835,163.11746,11.621469,178,0.12069851,0.43543544,2.1499805,3.9184358,2057,4.0,1.2872549221943492,3.107387613
152,465.09,461.45,470.8,452.2,2302,0.14779148,4,1.0333333,0.36363637,4.0348659,6.6968637,0.57490236,0.1114558,0.61106342,0.47250405,10.870446,9.5932207,178,0.09765023,0.52064294,1.7394258,3.5963478,1698,2.0,9.658010043048828,0.2070819963
153,257.6,440.53,260.0,448.0,1678,0.10772984,3,0.75,0.42857143,4.4413314,6.1276913,0.47343072,0.091783576,0.59528619,0.42825407,7.8460755,11.435028,178,0.11857986,0.53216821,2.1122415,4.7194085,2024,0.0,0.0,0.149467738275
154,788.0,748.0,830.8,749.6,1184,0.076014385,3,1.0,0.42857143,4.49405,5.5808101,0.32350224,0.06271708,0.56659961,0.29605511,42.829895,16.271187,178,0.17353621,0.34073171,3.0911689,5.2988009,2880,0.0,0.0,0.81590949975
155,302.0,358.0,309.23,304.0,2905,0.18650489,3,1.0333333,0.375,4.2327132,7.354599,0.55273485,0.1071582,0.60780156,0.47654837,54.481857,9.9378529,178,0.10156652,0.52492493,1.8091857,3.8921406,1759,20.0,19.270062075971445,1.03787937585
156,324.0,554.0,331.65,546.78,957,0.061440676,4,0.98333335,0.40000001,4.5023856,6.2097645,0.46413296,0.089981034,0.5937205,0.42561054,10.519073,11.644068,178,0.12095532,0.52279633,2.1545548,4.4531436,2061,0.0,0.0,0.20038834065000002
157,506.4,577.2,509.85,568.31,8011,0.51431692,3,1.1666666,0.5,3.8230181,7.6574645,0.56305635,0.10915922,0.60933191,0.4384647,9.5359631,9.7740116,178,0.099704675,0.42396143,1.7760211,3.5282085,1730,5.0,27.523931127737885,0.181660097055
158,422.0,818.0,490.0,818.0,1809,0.11614022,2,1.0,0.5,4.1136017,4.8110113,0.41207659,0.07988891,0.58450001,0.34522447,68.0,12.988701,178,0.13623524,0.36276275,2.4267333,4.0690427,2299,28.0,21.614945190674693,1.2954
159,636.27,745.87,642.0,740.0,352,0.02259887,3,1.5333333,0.42857143,4.2737761,6.5274134,0.44207609,0.085704885,0.58991176,0.38479117,8.2030363,12.175141,178,0.12699024,0.4325875,2.262054,4.2101622,2155,0.0,0.0,0.15626784151500003
160,758.8,226.4,764.0,228.0,3976,0.25526452,3,1.0833334,0.42857143,4.1293039,6.7909112,0.44545415,0.086359791,0.59050399,0.37462592,5.440588,12.090396,178,0.12602723,0.41051051,2.2449,4.0227427,2140,0.0,0.0,0.10364320140000001
161,742.8,794.4,748.0,796.0,549,0.035246532,3,1.0,0.375,4.5615063,5.3401179,0.34064141,0.066039838,0.57032555,0.31642562,5.440588,15.502825,178,0.16480483,0.3961421,2.9356382,5.0810199,2744,2.0,19.29697243026304,0.10364320140000001
162,748.0,796.0,776.31,797.85,342,0.021956857,2,0.66666669,0.33333334,4.6002851,4.9360347,0.327133,0.063420974,0.56740099,0.30645612,28.370382,16.101694,178,0.17161018,0.39263803,3.0568607,5.1545291,2850,1.0,1.8502901483741026,0.5404557771
163,396.0,622.0,401.07,616.27,352,0.02259887,3,1.5833334,0.5,4.4557838,4.8667383,0.42468506,0.082333304,0.5868088,0.38538849,7.651,12.632769,178,0.13219056,0.49780488,2.354686,4.3602428,2236,0.0,0.0,0.14575155
164,758.0,178.0,758.8,226.4,4226,0.27131483,3,0.91666669,0.375,4.1172628,5.6224008,0.45877573,0.088942431,0.59280789,0.38471013,48.406612,11.768362,178,0.12236775,0.42762762,2.1797142,3.955868,2083,0.0,0.0,0.9221459586000001
165,304.0,244.0,308.0,249.14,679,0.043592706,3,0.91666669,0.375,4.4451389,6.4563689,0.45661959,0.088524424,0.59243834,0.41339326,6.5130329,11.819209,178,0.12294555,0.49538866,2.1900067,4.503984,2092,2.0,16.11950657280112,0.124073276745
166,180.0,230.0,187.16,223.37,81,0.0052003083,3,0.86666667,0.5,4.6618366,5.7061181,0.36118403,0.070022412,0.5746116,0.34289542,9.7582016,14.677966,178,0.15543143,0.44989774,2.7686718,4.9939771,2598,0.0,0.0,0.18589374048
167,742.8,794.4,745.2,749.6,1924,0.12352337,4,1.1666666,0.40000001,4.5706315,5.428174,0.34480542,0.066847108,0.57120961,0.32093585,44.864239,15.327683,178,0.16281459,0.40343449,2.9001865,5.1465368,2713,0.0,0.0,0.85466375295
168,411.56,458.89,417.71,452.0,3193,0.20499486,3,1.0333333,0.375,4.0116162,5.4243221,0.57490236,0.1114558,0.61106342,0.46978134,9.235508,9.5932207,178,0.09765023,0.52064294,1.7394258,3.4783874,1698,1.0,5.6838712413231605,0.17593642739999998
169,830.0,794.0,830.8,749.6,415,0.026643554,3,1.0,0.42857143,4.4943314,4.7662382,0.3138645,0.060848624,0.5644393,0.28724989,44.407207,16.740112,178,0.17886493,0.34462479,3.1860881,5.3147922,2963,0.0,0.0,0.84595729335
170,392.0,636.0,396.0,622.0,0,0.0,1,0.33333334,0.33333334,4.4712605,4.1907473,0.3912423,0.075849786,0.58056778,0.35625979,14.56022,13.627119,178,0.14348999,0.47424135,2.5559609,4.3515878,2412,1.0,3.6052640908042584,0.277372191
171,439.2,487.2,444.0,480.0,1,0.000064201333,3,0.83333331,0.5,4.1972427,6.0943441,0.48987481,0.094971575,0.59800094,0.41878319,8.6533232,11.084745,178,0.11459938,0.48795182,2.041338,3.8048413,1962,0.0,0.0,0.16484580696000004
172,462.4,369.2,464.0,364.0,6662,0.42770931,3,1.0333333,0.375,3.9703918,7.0756879,0.60015547,0.11635159,0.61466968,0.48539132,5.440588,9.231638,178,0.093541346,0.51674956,1.6662349,3.4583759,1634,1.0,9.64848621513152,0.10364320140000001
173,709.6,753.2,714.0,748.0,275,0.017655367,2,0.83333331,0.40000001,4.5537567,5.3397522,0.33567238,0.065076493,0.56926,0.31127828,6.8117547,15.717514,178,0.16724448,0.38720301,2.9790955,4.9258518,2782,0.0,0.0,0.129763927035
174,585.6,189.2,588.0,184.0,184,0.011813045,3,0.91666669,0.60000002,4.1020422,6.8577251,0.46512049,0.090172485,0.59388787,0.38859153,5.7271285,11.621469,178,0.12069851,0.40750077,2.1499805,3.9212079,2057,0.0,0.0,0.10910179792500001
175,782.8,749.6,788.0,748.0,1240,0.079609655,3,0.83333331,0.33333334,4.5586739,4.7961912,0.32470351,0.06294997,0.5668655,0.3014279,5.440588,16.214689,178,0.17289419,0.36650199,3.0797327,5.3755298,2870,0.0,0.0,0.10364320140000001
176,590.55,709.09,636.27,745.87,5399,0.346623,5,1.2595239,0.38461539,4.2192345,6.9468212,0.47861332,0.092788324,0.59614915,0.41129446,58.677822,11.322034,178,0.11729584,0.45135134,2.0893693,4.1480284,2004,74.0,66.2007263271554,1.1178125091
177,176.0,246.0,180.0,230.0,531,0.03409091,3,1.0333333,0.42857143,4.636035,6.159811,0.37919623,0.073514424,0.57822305,0.35801053,16.492422,14.028249,178,0.14804828,0.45753941,2.637157,4.9824553,2483,6.0,19.097293891780105,0.31418063910000005
