connectivity,integration_hh_t
327.0,8.9014
447.0,11.1427
427.0,10.715
516.0,12.0692
275.0,7.0783
361.0,10.4376
163.0,7.7539
301.0,9.6768
460.0,10.2605
412.0,10.6729
255.0,6.8727
332.0,10.0336
457.0,11.2115
529.0,11.9762
449.0,10.5796
368.0,9.2336
542.0,10.7893
457.0,10.4476
468.0,11.0298
552.0,11.8588
403.0,10.5386
450.0,10.8864
380.0,10.6416
542.0,11.1655
497.0,11.6184
471.0,11.4473
382.0,9.3046
377.0,10.4476
398.0,9.4092
370.0,10.1647
187.0,7.8602
241.0,8.9379
308.0,9.6255
366.0,9.3526
360.0,8.8941
305.0,9.634
261.0,6.9208
198.0,8.7441
524.0,11.9631
453.0,11.2463
398.0,9.4829
160.0,6.4302
131.0,5.7692
114.0,7.106
446.0,10.3091
144.0,7.106
536.0,12.0292
360.0,10.4077
145.0,6.9785
282.0,7.1715
401.0,9.9057
533.0,11.0186
555.0,12.1229
485.0,10.2799
137.0,5.4215
433.0,9.7027
460.0,11.0186
351.0,10.1081
177.0,7.6719
447.0,11.1427
268.0,9.6768
430.0,10.1458
277.0,9.1406
119.0,5.3208
321.0,7.3856
342.0,8.088
215.0,8.0461
450.0,10.9521
310.0,9.9238
506.0,11.2579
570.0,12.6586
439.0,9.7724
163.0,6.4839
395.0,9.7811
480.0,11.5813
416.0,10.8
332.0,7.9347
155.0,6.5188
131.0,6.2137
432.0,9.9057
548.0,12.3289
292.0,8.572
417.0,9.5747
460.0,10.9192
585.0,12.6733
421.0,10.9411
307.0,7.56
128.0,6.2422
450.0,10.9631
415.0,9.5831
349.0,10.4376
522.0,10.6625
310.0,8.7511
453.0,10.2028
345.0,9.8164
456.0,10.4276
326.0,9.4582
591.0,12.6292
124.0,5.7237
362.0,8.9526
92.0,5.1399
163.0,6.434
482.0,10.6729
135.0,5.9069
444.0,10.7044
493.0,11.7564
457.0,11.1313
401.0,9.0344
280.0,9.1714
483.0,11.2347
178.0,6.5938
626.0,13.5235
192.0,6.974
543.0,12.4701
568.0,12.6146
443.0,10.2799
456.0,10.4276
143.0,6.2638
463.0,11.1427
588.0,12.4844
402.0,10.6939
397.0,10.1081
399.0,9.4255
112.0,5.6818
458.0,10.9521
549.0,12.4987
379.0,9.9784
513.0,11.8588
436.0,10.7255
401.0,9.4829
184.0,6.934
374.0,9.7724
371.0,9.3687
351.0,10.1458
146.0,6.4227
540.0,10.7893
540.0,10.9853
448.0,10.3385
460.0,10.5591
461.0,10.498
495.0,11.1655
442.0,10.2896
563.0,11.0075
306.0,9.6854
147.0,7.3706
463.0,10.9631
430.0,9.634
554.0,11.8847
422.0,9.951
390.0,8.8364
455.0,11.0298
425.0,10.3581
512.0,11.293
356.0,9.1252
302.0,7.2673
432.0,9.9057
364.0,8.5117
427.0,8.9526
438.0,9.5328
416.0,9.8967
378.0,8.9674
193.0,7.3458
430.0,8.9748
544.0,12.2871
94.0,6.6788
291.0,9.5244
380.0,10.5386
104.0,5.2113
130.0,6.9384
426.0,8.96
128.0,5.76
538.0,12.3991
419.0,10.0151
137.0,5.4296
501.0,10.4576
303.0,9.6511
210.0,6.6502
250.0,8.2912
431.0,10.1837
520.0,10.6416
529.0,12.0692
427.0,9.9148
278.0,7.106
449.0,10.9742
322.0,7.8716
132.0,5.4351
534.0,11.6308
359.0,10.4476
514.0,12.0692
150.0,6.9919
307.0,9.6854
358.0,8.4851
561.0,12.4558
418.0,9.9148
223.0,8.1
119.0,5.3234
489.0,11.3875
569.0,12.6439
128.0,6.3293
439.0,9.7987
524.0,11.0973
345.0,10.2702
410.0,10.6939
430.0,8.9748
359.0,10.4176
470.0,11.1313
517.0,11.9894
275.0,8.4195
564.0,12.5564
113.0,5.6818
401.0,10.6625
435.0,10.6002
486.0,11.6807
420.0,10.8864
341.0,8.9896
419.0,10.8
447.0,10.2605
500.0,11.6308
447.0,10.8864
444.0,10.843
303.0,9.617
457.0,11.2579
333.0,8.2786
302.0,8.7935
451.0,10.6416
601.0,13.132
544.0,11.5444
462.0,11.3756
430.0,10.1269
154.0,7.3309
344.0,8.5923
457.0,11.0186
437.0,10.6521
447.0,10.8107
381.0,9.0947
303.0,9.6085
448.0,10.3287
384.0,9.9692
550.0,12.301
107.0,5.2414
422.0,9.9692
435.0,10.8
322.0,10.1081
454.0,11.041
536.0,11.8459
295.0,9.6
525.0,11.8331
514.0,10.7044
486.0,11.6184
328.0,10.1458
170.0,6.8641
532.0,12.096
227.0,9.0194
516.0,11.3282
537.0,10.7361
206.0,6.9429
562.0,11.9238
364.0,9.8342
360.0,10.4276
358.0,10.2993
488.0,11.5322
604.0,13.1637
194.0,6.745
199.0,6.5541
531.0,12.1095
455.0,10.6002
566.0,12.4132
387.0,9.7461
447.0,10.8107
449.0,10.843
452.0,11.0075
169.0,7.9988
458.0,11.2696
454.0,10.4276
199.0,8.4719
197.0,7.4924
360.0,9.1176
436.0,11.041
316.0,9.7461
257.0,9.3606
151.0,6.4723
477.0,11.5936
410.0,9.5411
445.0,11.569
307.0,9.7987
259.0,8.3102
461.0,10.6105
548.0,12.1365
454.0,10.4576
387.0,8.7441
454.0,10.7044
383.0,8.3613
423.0,9.6854
391.0,10.6105
401.0,9.5831
115.0,5.6878
463.0,10.3779
417.0,10.0521
495.0,11.1655
375.0,8.5855
592.0,12.6881
479.0,10.2509
498.0,11.606
434.0,11.041
498.0,11.177
191.0,6.7998
439.0,11.4473
464.0,11.1655
426.0,10.0336
444.0,9.72
175.0,8.1668
417.0,10.7044
526.0,11.5322
288.0,7.4616
281.0,8.8078
460.0,10.9964
556.0,12.385
283.0,8.4653
292.0,9.5078
155.0,7.513
562.0,12.4132
425.0,10.1269
430.0,10.08
543.0,11.7437
289.0,8.4653
65.0,5.2566
304.0,7.7649
428.0,8.9453
429.0,10.4077
563.0,12.3149
308.0,9.7287
422.0,10.7573
290.0,9.45
164.0,7.6182
550.0,12.5419
448.0,10.8538
549.0,12.3569
432.0,10.6209
563.0,12.4701
449.0,9.8788
447.0,11.0973
394.0,10.6105
593.0,12.9446
524.0,10.6939
441.0,10.2896
176.0,6.5739
419.0,10.9082
259.0,9.2414
297.0,8.3229
469.0,11.1313
307.0,9.694
353.0,9.072
239.0,7.3607
449.0,10.1552
186.0,6.57
483.0,10.2896
519.0,10.6416
321.0,8.8435
116.0,5.6908
463.0,11.0075
455.0,11.0634
335.0,9.8253
452.0,10.4176
515.0,11.8718
515.0,10.5386
598.0,12.7925
99.0,6.7744
518.0,10.5796
355.0,9.0872
474.0,9.9601
189.0,7.9754
417.0,9.8877
405.0,10.4376
557.0,10.9742
483.0,11.293
351.0,9.6682
313.0,9.843
507.0,11.7818
438.0,9.7811
529.0,12.1908
432.0,9.843
452.0,11.2813
320.0,8.0047
358.0,10.3483
301.0,9.218
508.0,11.6184
205.0,6.63
451.0,10.3779
165.0,6.4761
205.0,8.4195
531.0,10.9411
535.0,11.7564
406.0,9.6596
432.0,10.1647
525.0,10.7044
442.0,10.7467
451.0,10.8755
434.0,9.9238
493.0,10.498
415.0,10.4778
412.0,9.7987
220.0,6.7242
482.0,11.4113
463.0,10.5081
426.0,10.7893
509.0,11.8459
525.0,12.1772
458.0,11.0973
479.0,11.5813
503.0,10.3581
482.0,11.4113
230.0,8.1546
459.0,10.5488
113.0,5.6878
329.0,10.1742
591.0,12.9139
284.0,8.2912
92.0,5.1399
432.0,9.9238
546.0,12.096
384.0,9.7636
420.0,9.9419
511.0,11.3047
462.0,10.7467
386.0,9.6255
343.0,10.08
456.0,10.9742
432.0,10.8107
406.0,9.4747
255.0,9.5579
552.0,12.3709
431.0,9.9148
189.0,7.9521
413.0,10.4576
456.0,10.843
571.0,12.6146
313.0,9.694
495.0,10.3977
312.0,9.694
519.0,10.9411
436.0,10.8973
441.0,11.1086
194.0,6.9919
535.0,11.1313
283.0,8.2849
451.0,10.9742
590.0,12.96
571.0,12.3991
187.0,7.5027
303.0,9.634
369.0,8.7935
587.0,12.5709
371.0,9.2729
188.0,7.9521
378.0,9.694
247.0,9.4912
479.0,10.7361
304.0,9.6768
366.0,10.2799
455.0,11.6932
593.0,12.301
326.0,7.9002
413.0,9.6425
446.0,10.8
434.0,11.0522
339.0,10.2702
468.0,11.1199
284.0,8.505
462.0,10.368
467.0,10.4077
187.0,6.5345
274.0,8.106
327.0,10.0521
443.0,10.9192
191.0,7.513
549.0,12.3569
407.0,9.8076
419.0,9.7374
476.0,11.5567
489.0,10.3483
434.0,10.6313
535.0,11.8718
390.0,9.1714
482.0,11.6184
271.0,8.7231
353.0,9.265
565.0,12.2319
298.0,9.6511
499.0,10.9411
199.0,8.0224
139.0,5.4405
448.0,10.368
457.0,10.2316
305.0,9.5831
584.0,12.0159
523.0,12.1908
112.0,5.2795
542.0,12.1772
444.0,10.3385
357.0,10.2605
571.0,11.1086
461.0,11.2347
492.0,11.7564
594.0,12.6439
344.0,10.3189
419.0,9.9057
418.0,9.9057
398.0,8.9306
173.0,8.3166
114.0,5.277
458.0,10.9853
290.0,9.5663
494.0,10.9742
496.0,10.4176
436.0,9.4829
384.0,10.5284
288.0,9.4092
432.0,10.5284
569.0,12.3569
487.0,10.2028
394.0,9.7461
199.0,7.5079
418.0,9.9967
417.0,9.2571
358.0,9.6768
326.0,8.5923
362.0,10.3878
452.0,11.293
422.0,10.0521
127.0,5.3787
550.0,11.8331
375.0,10.4276
471.0,11.1541
151.0,6.0413
547.0,11.7946
368.0,10.1933
456.0,10.4376
157.0,7.3507
412.0,9.7548
223.0,7.9174
580.0,12.8075
311.0,8.413
139.0,7.0645
460.0,11.1086
450.0,10.8973
447.0,10.7044
248.0,9.1714
335.0,8.2976
458.0,10.4276
566.0,12.5275
219.0,8.1242
451.0,10.3581
427.0,10.5386
439.0,10.8107
529.0,11.6557
302.0,9.6085
333.0,10.2124
489.0,11.0973
371.0,9.11
477.0,11.2347
545.0,11.9894
181.0,7.9002
416.0,10.2028
456.0,10.4276
443.0,10.8755
521.0,10.6002
367.0,7.7318
268.0,8.7371
361.0,10.2702
527.0,12.0425
436.0,10.7044
304.0,7.277
408.0,9.8609
468.0,11.4715
525.0,11.52
606.0,13.2117
456.0,10.9964
177.0,6.8597
227.0,7.4209
297.0,9.2967
444.0,10.2896
456.0,10.9631
209.0,7.3856
420.0,10.8107
198.0,7.513
96.0,6.7617
288.0,9.4912
415.0,9.8609
278.0,9.1482
299.0,8.426
318.0,8.4917
201.0,7.9754
368.0,9.3687
432.0,9.7987
115.0,5.3156
438.0,10.1647
129.0,6.1297
408.0,9.4995
410.0,10.2316
474.0,11.1655
355.0,10.1552
425.0,10.0151
368.0,9.8342
459.0,10.5488
495.0,11.7946
256.0,8.6127
560.0,12.3429
143.0,7.5338
369.0,8.07
404.0,9.7987
289.0,9.4995
434.0,10.6729
142.0,7.2576
155.0,7.3211
613.0,13.3086
289.0,9.6425
513.0,12.4274
460.0,10.4879
446.0,10.3091
198.0,8.2786
333.0,8.8724
495.0,11.7184
118.0,6.8339
420.0,10.498
343.0,8.6883
408.0,9.4747
466.0,11.1655
441.0,10.2605
283.0,9.4092
505.0,11.731
403.0,10.0151
456.0,10.4476
472.0,11.1427
431.0,9.8342
444.0,10.9521
407.0,9.6085
168.0,7.2335
337.0,10.0428
602.0,13.1162
458.0,10.9742
120.0,5.7057
189.0,6.9562
555.0,11.9894
426.0,9.9875
469.0,11.1086
529.0,11.1427
366.0,10.222
311.0,9.7113
210.0,8.5451
459.0,11.2463
422.0,10.9521
434.0,11.041
508.0,10.9082
190.0,6.7242
452.0,10.9853
347.0,10.0987
459.0,11.1885
452.0,10.222
339.0,10.3483
469.0,11.2463
445.0,10.8215
247.0,8.2535
148.0,6.3183
507.0,11.9631
320.0,9.852
186.0,7.9754
130.0,6.1505
167.0,6.4877
414.0,9.9329
163.0,6.4916
582.0,12.2595
378.0,8.64
437.0,10.7786
389.0,9.3126
444.0,10.8107
399.0,10.3091
521.0,12.1229
362.0,9.7461
579.0,12.3709
512.0,12.1365
504.0,11.569
516.0,10.5488
287.0,8.5117
339.0,10.2028
195.0,6.9829
390.0,10.1647
292.0,9.4418
186.0,7.4259
325.0,7.7483
288.0,8.1668
550.0,11.8331
447.0,10.3189
440.0,10.1269
393.0,10.4576
384.0,10.4576
435.0,9.8788
474.0,11.52
379.0,8.6952
604.0,13.1637
399.0,10.5693
436.0,10.3189
539.0,12.15
557.0,12.4701
454.0,10.6209
426.0,10.1269
449.0,11.2347
393.0,10.0336
465.0,9.8609
191.0,6.9606
387.0,9.4912
445.0,10.9631
484.0,11.3994
268.0,9.0494
554.0,11.6308
533.0,12.1365
510.0,12.385
274.0,9.0947
93.0,5.1303
600.0,13.1004
348.0,10.0059
450.0,10.368
442.0,10.2702
313.0,7.3211
525.0,10.9301
556.0,12.0826
457.0,10.9521
312.0,8.525
235.0,6.787
532.0,11.2579
364.0,9.11
351.0,9.7287
269.0,7.028
467.0,10.1175
490.0,11.5936
424.0,9.9238
171.0,6.5423
446.0,10.3091
266.0,8.8941
372.0,9.3046
491.0,11.3164
485.0,11.041
158.0,7.6449
501.0,11.4353
587.0,12.4701
510.0,10.5488
336.0,8.2912
580.0,12.7326
282.0,8.4785
520.0,10.9631
400.0,9.4582
360.0,8.9748
452.0,11.1541
341.0,8.6952
534.0,12.0027
459.0,11.0298
429.0,8.9674
286.0,9.4582
90.0,5.0776
309.0,9.6682
513.0,11.8459
444.0,10.2896
162.0,6.9919
445.0,10.8864
446.0,10.3581
431.0,10.0987
489.0,12.096
381.0,9.45
435.0,9.4664
272.0,6.634
531.0,11.5936
456.0,11.4594
420.0,9.9057
522.0,10.6625
574.0,12.7178
429.0,9.4173
101.0,5.184
457.0,11.1199
192.0,7.7483
461.0,11.1655
131.0,5.4161
411.0,9.7461
395.0,10.7467
195.0,6.5779
159.0,7.5495
154.0,6.4993
92.0,5.1351
408.0,10.7573
301.0,9.6255
308.0,7.2965
577.0,12.3991
536.0,12.1095
271.0,8.9674
514.0,10.5183
343.0,9.4664
322.0,7.7318
477.0,9.2571
465.0,11.0075
571.0,12.6733
450.0,11.1541
422.0,10.0707
359.0,8.3613
192.0,6.9695
478.0,11.293
154.0,7.0099
147.0,6.333
463.0,11.1313
459.0,11.5567
172.0,7.8095
161.0,6.4685
458.0,10.8973
175.0,7.8773
335.0,10.2509
410.0,10.7044
361.0,9.9692
155.0,6.4493
116.0,5.8592
436.0,10.7044
516.0,10.6002
401.0,9.3365
321.0,9.5328
168.0,6.745
179.0,7.8887
275.0,9.1176
417.0,9.8877
508.0,10.9082
578.0,12.4701
454.0,10.6416
280.0,7.0783
496.0,11.6432
570.0,12.5854
429.0,9.7724
443.0,10.2605
437.0,10.0336
238.0,7.6936
437.0,10.4677
500.0,11.4233
524.0,11.9238
423.0,9.9329
492.0,11.7691
405.0,9.5161
420.0,10.6939
422.0,10.4576
433.0,9.9419
562.0,12.2871
431.0,9.7287
458.0,11.1655
288.0,9.3848
514.0,11.8202
167.0,6.8296
438.0,10.9192
423.0,10.9521
493.0,11.5444
319.0,8.5787
314.0,8.9306
375.0,10.0893
59.0,4.0957
463.0,10.8973
137.0,6.2746
434.0,10.0987
460.0,11.0075
464.0,11.086
215.0,7.181
525.0,12.0159
438.0,10.1552
569.0,12.5709
537.0,11.3164
569.0,12.385
185.0,7.3906
395.0,9.8967
146.0,7.1293
425.0,9.7374
276.0,9.1406
603.0,13.132
304.0,9.6
436.0,10.6209
141.0,5.7027
178.0,6.8989
448.0,10.6416
434.0,9.9601
403.0,9.7724
415.0,10.0428
496.0,11.5322
526.0,10.9301
397.0,10.6209
520.0,12.096
562.0,11.8331
391.0,9.3206
455.0,10.8973
252.0,8.1242
306.0,9.6255
175.0,6.5502
540.0,12.2319
450.0,10.8647
434.0,10.2028
570.0,12.096
428.0,9.8076
401.0,9.8609
427.0,9.7461
327.0,7.7099
317.0,8.8652
510.0,12.2595
485.0,11.6932
367.0,9.8698
532.0,12.301
185.0,7.5863
261.0,8.6606
212.0,7.7318
420.0,10.7786
454.0,10.8215
401.0,9.6596
517.0,10.5488
334.0,7.5079
128.0,5.7478
531.0,11.9369
288.0,8.2162
525.0,11.7184
513.0,11.8459
414.0,9.5831
240.0,7.6235
233.0,7.3957
412.0,10.768
480.0,11.34
474.0,9.9784
376.0,9.3365
146.0,6.3552
292.0,9.5161
145.0,6.2102
395.0,10.4276
425.0,9.9875
144.0,6.333
467.0,11.4113
582.0,12.7029
441.0,10.6209
441.0,9.7899
426.0,10.2316
255.0,9.0419
472.0,11.1427
368.0,9.3206
534.0,11.569
175.0,6.7786
457.0,11.2115
498.0,11.2
362.0,9.9784
488.0,11.0298
189.0,7.9116
583.0,12.7925
457.0,10.6105
444.0,10.3287
535.0,11.6432
446.0,10.3581
431.0,8.9674
222.0,7.0326
151.0,6.385
385.0,10.4376
141.0,7.0691
580.0,12.7326
478.0,11.3637
431.0,10.08
249.0,8.21
488.0,12.0826
532.0,10.7893
362.0,9.3848
336.0,9.5411
346.0,9.0947
283.0,8.2661
468.0,11.177
462.0,11.1541
458.0,11.3518
551.0,10.9853
577.0,12.7029
464.0,11.3164
164.0,6.5819
327.0,10.1647
456.0,11.293
465.0,11.731
191.0,7.4718
526.0,10.9192
301.0,7.2624
506.0,10.5081
522.0,11.4836
322.0,10.0893
396.0,9.9057
316.0,10.0336
469.0,11.1313
454.0,10.4778
449.0,10.8864
431.0,10.0893
425.0,10.3581
443.0,10.1458
439.0,11.3047
382.0,10.3779
464.0,9.8609
495.0,10.3091
433.0,10.0987
386.0,9.5579
419.0,9.9419
587.0,12.7326
453.0,11.0298
401.0,9.8698
277.0,9.1252
362.0,10.3189
156.0,6.4113
450.0,10.3483
128.0,6.1194
469.0,11.4594
464.0,9.8788
412.0,10.0059
195.0,6.9964
421.0,9.9601
456.0,9.7899
344.0,9.0045
454.0,10.3878
416.0,10.0059
480.0,11.6184
537.0,10.7361
193.0,6.6058
436.0,9.9419
561.0,12.4558
445.0,10.9301
581.0,12.8075
231.0,7.5705
143.0,5.4982
581.0,12.7625
342.0,8.6883
119.0,6.0852
445.0,11.2
451.0,10.9411
495.0,11.606
441.0,10.7893
467.0,10.8
248.0,6.8083
545.0,11.4594
422.0,10.1175
305.0,9.6768
490.0,11.0634
239.0,8.0283
441.0,10.0336
410.0,9.7811
532.0,11.8977
532.0,12.1095
398.0,9.6085
431.0,10.1175
449.0,10.368
504.0,11.9238
499.0,10.4476
470.0,11.2813
377.0,9.2729
71.0,5.2898
471.0,10.6521
342.0,7.7373
429.0,9.6854
497.0,11.0186
222.0,8.1607
452.0,10.7467
187.0,7.431
464.0,11.2
362.0,8.9087
188.0,7.7209
453.0,10.4077
172.0,7.6719
459.0,11.1199
467.0,11.4113
348.0,8.413
404.0,9.8788
476.0,11.7184
480.0,10.2509
181.0,6.6058
412.0,9.5078
303.0,9.4173
179.0,6.5978
470.0,11.1655
331.0,9.9148
319.0,10.0893
486.0,11.7058
421.0,10.5081
418.0,10.1552
118.0,6.2458
463.0,10.6002
457.0,10.498
278.0,9.3126
279.0,9.3848
351.0,8.4587
545.0,12.4844
582.0,11.2347
124.0,5.3575
359.0,10.222
517.0,10.8322
456.0,10.4276
503.0,11.7058
530.0,12.0826
452.0,10.8538
363.0,8.0342
456.0,11.0634
133.0,6.2638
80.0,6.6058
291.0,8.5183
181.0,7.8773
514.0,11.2696
453.0,11.293
452.0,11.4233
198.0,6.5938
453.0,10.7044
565.0,12.7925
464.0,11.3164
487.0,10.2028
313.0,9.6682
315.0,8.4325
494.0,11.7818
265.0,8.9896
442.0,10.222
538.0,12.15
450.0,10.9301
475.0,11.5567
510.0,11.5322
60.0,5.673
344.0,7.7539
448.0,10.8973
337.0,10.2509
453.0,10.3878
568.0,12.5419
341.0,9.0494
494.0,10.3977
453.0,10.8864
382.0,10.3878
367.0,8.5317
492.0,11.5567
329.0,8.6059
430.0,11.3164
353.0,9.0645
191.0,7.4412
163.0,6.6058
230.0,8.1607
540.0,10.9853
417.0,9.951
258.0,6.9429
157.0,7.2335
617.0,13.3904
390.0,9.7724
381.0,8.6744
487.0,10.7786
411.0,9.8164
295.0,8.6332
455.0,10.4276
460.0,10.9742
350.0,8.0342
214.0,8.4719
315.0,7.8319
516.0,11.52
506.0,10.5081
222.0,8.173
508.0,11.7564
394.0,9.6596
391.0,8.9526
344.0,9.7811
559.0,12.2182
375.0,8.5855
455.0,11.1885
356.0,8.8796
410.0,10.1837
412.0,9.5244
447.0,10.7467
511.0,10.5386
440.0,10.8538
354.0,9.1023
181.0,6.8339
277.0,8.2912
457.0,11.1199
459.0,11.0522
112.0,5.6818
452.0,10.3878
394.0,9.7899
399.0,9.0269
496.0,11.7691
480.0,11.9762
548.0,12.15
188.0,7.1905
222.0,7.8207
464.0,10.9521
410.0,10.6729
490.0,11.3994
438.0,10.8755
437.0,9.7811
417.0,10.6834
411.0,9.8698
329.0,7.9174
527.0,12.0558
463.0,9.0947
506.0,11.95
419.0,10.3189
194.0,8.0047
402.0,10.715
561.0,12.4558
356.0,10.4677
262.0,9.6085
256.0,9.5747
456.0,10.9742
419.0,10.0428
170.0,6.5266
503.0,10.4176
390.0,9.7987
